Name,price,rate,n_vote,link,author,description,freqBought
 Superforecasting: The Art and Science of Prediction ,"[54.59, 17.1, 19.69]",0.8800000000000001,1631,http://www.amazon.com/gp/product/0804136696/ref=as_li_qf_sp_asin_il_tl?ie=UTF8&amp;camp=1789&amp;creative=9325&amp;creativeASIN=0804136696&amp;linkCode=as2&amp;tag=bst08-20&amp;linkId=SFBFPZQEPORFYWAT,"['Philip Tetlock', 'Dan Gardner']","[' 352 pages ', ' English ', ' Crown ', ' September 29, 2015 ', ' 6.47 x 1.19 x 9.55 inches ', ' 0804136696 ', ' 978-0804136693 ']","['This item: Superforecasting: The Art and Science of Prediction', ""The Signal and the Noise: Why So Many Predictions Fail-But Some Don't"", 'Thinking, Fast and Slow']"
 Cycle Analytics for Traders: Advanced Technical Trading Concepts ,"[93.85, 93.7, 86.18]",0.82,25,http://www.amazon.com/gp/product/1118728513/ref=as_li_qf_sp_asin_il_tl?ie=UTF8&amp;camp=1789&amp;creative=9325&amp;creativeASIN=1118728513&amp;linkCode=as2&amp;tag=bst08-20&amp;linkId=KRCYJOH6ZOKH5GAV,['John F. Ehlers'],[],"['This item: Cycle Analytics for Traders: Advanced Technical Trading Concepts', 'Cybernetic Analysis for Stocks and Futures: Cutting-Edge DSP Technology to Improve Your Trading', 'Rocket Science for Traders: Digital Signal Processing Applications']"
 MESA and Trading Market Cycles: Forecasting and Trading Strategies from the Creator of MESA ,"[64.36, 86.18, 93.7]",0.7,11,http://www.amazon.com/gp/product/0471151963/ref=as_li_qf_sp_asin_il_tl?ie=UTF8&amp;camp=1789&amp;creative=9325&amp;creativeASIN=0471151963&amp;linkCode=as2&amp;tag=bst08-20&amp;linkId=FRDZAQVJNWGG4BZH,['John F. Ehlers'],[],"['This item: MESA and Trading Market Cycles: Forecasting and Trading Strategies from the Creator of MESA', 'Rocket Science for Traders: Digital Signal Processing Applications', 'Cybernetic Analysis for Stocks and Futures: Cutting-Edge DSP Technology to Improve Your Trading']"
 Rocket Science for Traders: Digital Signal Processing Applications ,"[86.18, 93.85, 93.7]",0.8,27,http://www.amazon.com/gp/product/0471405671/ref=as_li_qf_sp_asin_il_tl?ie=UTF8&amp;camp=1789&amp;creative=9325&amp;creativeASIN=0471405671&amp;linkCode=as2&amp;tag=bst08-20&amp;linkId=VQKWDDZUUV4MGZNE,['John F. Ehlers'],[],"['This item: Rocket Science for Traders: Digital Signal Processing Applications', 'Cycle Analytics for Traders: Advanced Technical Trading Concepts', 'Cybernetic Analysis for Stocks and Futures: Cutting-Edge DSP Technology to Improve Your Trading']"
 Cybernetic Analysis for Stocks and Futures: Cutting-Edge DSP Technology to Improve Your Trading ,"[93.7, 93.85, 86.18]",0.72,23,http://www.amazon.com/gp/product/0471463078/ref=as_li_qf_sp_asin_il_tl?ie=UTF8&amp;camp=1789&amp;creative=9325&amp;creativeASIN=0471463078&amp;linkCode=as2&amp;tag=bst08-20&amp;linkId=HYD5GK22HEDSDHWS,['John F. Ehlers'],[],"['This item: Cybernetic Analysis for Stocks and Futures: Cutting-Edge DSP Technology to Improve Your Trading', 'Cycle Analytics for Traders: Advanced Technical Trading Concepts', 'Rocket Science for Traders: Digital Signal Processing Applications']"
 Liar's Poker (25th Anniversary Edition): Rising Through the Wreckage on Wall Street ,"[19.19, 15.62, 13.82]",0.9,275,http://www.amazon.com/gp/product/0393246108/ref=as_li_qf_sp_asin_il_tl?tag=bst08-20&amp;ie=UTF8&amp;camp=1789&amp;creative=9325&amp;creativeASIN=0393246108&amp;linkCode=as2&amp;linkId=UNLY6DJWYGT5FG4E,['Michael Lewis'],"[' 320 pages ', ' English ', ' W. W. Norton & Company ', ' October 27, 2014 ', ' 6.5 x 1.1 x 9.6 inches ', ' 0393246108 ', ' 978-0393246100 ']","[""This item: Liar's Poker (25th Anniversary Edition): Rising Through the Wreckage on Wall Street"", 'The Big Short: Inside the Doomsday Machine', 'Flash Boys']"
 Reminiscences of a Stock Operator ,"[12.99, 22.0, 12.49]",0.9199999999999999,2688,http://www.amazon.com/gp/product/0471770884/ref=as_li_tl?tag=bst08-20&amp;ie=UTF8&amp;camp=1789&amp;creative=9325&amp;creativeASIN=0471770884&amp;linkCode=as2&amp;linkId=5ZQCB4APFQTT4NVC,['Edwin Lefevre'],"[' 288 pages ', ' English ', ' Wiley ', ' January 17, 2006 ', ' 5.3 x 0.9 x 8.3 inches ', ' 0471770884 ', ' 978-0471770886 ']","['This item: Reminiscences of a Stock Operator', 'Trading in the Zone: Master the Market with Confidence, Discipline and a Winning Attitude', ""Thinking in Bets: Making Smarter Decisions When You Don't Have All the Facts""]"
 A Guide to Creating A Successful Algorithmic Trading Strategy (Wiley Trading) ,"[40.96, 36.56, 44.27]",0.8400000000000001,32,http://www.amazon.com/gp/product/1119224748/ref=as_li_qf_sp_asin_il_tl?ie=UTF8&amp;camp=1789&amp;creative=9325&amp;creativeASIN=1119224748&amp;linkCode=as2&amp;tag=stockmastrate-20&amp;linkId=EJSYAS44QBQ3X5DA,['Perry J. Kaufman'],[],"['This item: A Guide to Creating A Successful Algorithmic Trading Strategy (Wiley Trading)', ""Building Winning Algorithmic Trading Systems, + Website: A Trader's Journey From Data Mining to Monte Carlo Simulation to Live Trading (Wiley Trading)"", ""Algorithmic Trading: A Practitioner's Guide""]"
 Trading Systems and Methods + Website (5th edition) Wiley Trading ,[78.99],0.8400000000000001,59,http://www.amazon.com/gp/product/1118043561/ref=as_li_tl?tag=bst08-20&amp;ie=UTF8&amp;camp=1789&amp;creative=9325&amp;creativeASIN=1118043561&amp;linkCode=as2&amp;linkId=Z5AXCFV2PYTDZHXU,['Perry J. Kaufman'],[],[]
 Market Wizards: Interviews with Top Traders ,"[18.59, 24.35]",0.9400000000000001,1838,http://www.amazon.com/gp/product/1118273052/ref=as_li_tl?tag=bst08-20&amp;ie=UTF8&amp;camp=1789&amp;creative=9325&amp;creativeASIN=1118273052&amp;linkCode=as2&amp;linkId=S4FPZ4NQXLIJJKNI,['Jack D. Schwager'],"[' 512 pages ', ' English ', ' Wiley ', ' February 7, 2012 ', ' 6 x 1.3 x 8.9 inches ', ' 1118273052 ', ' 978-1118273050 ']","['This item: Market Wizards: Interviews with Top Traders', 'Trade Your Way to Financial Freedom']"
 The Rise of Superman: Decoding the Science of Ultimate Human Performance ,[],0.9,1192,http://www.amazon.com/gp/product/1477800832/ref=as_li_qf_sp_asin_il_tl?tag=bst08-20&amp;ie=UTF8&amp;camp=1789&amp;creative=9325&amp;creativeASIN=1477800832&amp;linkCode=as2&amp;linkId=HU7E6GNXMJIPQCQU,['Steven Kotler'],"[' 256 pages ', ' English ', ' New Harvest ', ' March 4, 2014 ', ' 6.5 x 0.98 x 9.49 inches ', ' 9781477800836 ', ' 978-1477800836 ']",[]
 Emotional Intelligence: Why It Can Matter More Than IQ ,"[14.49, 14.98, 13.49]",0.9199999999999999,6555,http://www.amazon.com/gp/product/055338371X/ref=as_li_qf_sp_asin_il_tl?tag=bst08-20&amp;ie=UTF8&amp;camp=1789&amp;creative=9325&amp;creativeASIN=055338371X&amp;linkCode=as2&amp;linkId=D6WWGK4IFZF62DVG,['Daniel Goleman'],"[' 352 pages ', ' English ', ' Random House Publishing Group ', ' September 27, 2005 ', ' 5.47 x 0.79 x 8.22 inches ', ' 9780553383713 ', ' 978-0553383713 ']","['This item: Emotional Intelligence: Why It Can Matter More Than IQ', 'Emotional Intelligence 2.0', 'Social Intelligence: The New Science of Human Relationships']"
" Vital Lies, Simple Truths: The Psychology of Self-Deception ","[13.59, 18.95, 16.95]",0.9,120,http://www.amazon.com/gp/product/0684831074/ref=as_li_qf_sp_asin_il_tl?tag=bst08-20&amp;ie=UTF8&amp;camp=1789&amp;creative=9325&amp;creativeASIN=0684831074&amp;linkCode=as2&amp;linkId=HRLNCCFN2PHFNTRR,['Daniel Goleman'],"[' 288 pages ', ' English ', ' May 1, 1996 ', ' 6.13 x 0.72 x 9.25 inches ', ' 9780684831077 ', ' 978-0684831077 ']","['This item: Vital Lies, Simple Truths: The Psychology of Self-Deception', 'The Allure of Toxic Leaders: Why We Follow Destructive Bosses and Corrupt Politicians--and How We Can Survive Them', 'Leaders, Fools and Impostors: Essays on the Psychology of Leadership']"
 Trading Systems and Methods + Website (5th edition) Wiley Trading ,[78.99],0.8400000000000001,59,http://www.amazon.com/gp/product/1118043561/ref=as_li_tl?tag=bst08-20&amp;ie=UTF8&amp;camp=1789&amp;creative=9325&amp;creativeASIN=1118043561&amp;linkCode=as2&amp;linkId=Z5AXCFV2PYTDZHXU,['Perry J. Kaufman'],[],[]
 Cybernetic Trading Strategies: Developing a Profitable Trading System with State-of-the-Art Technologies ,"[53.17, 79.62]",0.82,12,http://www.amazon.com/gp/product/0471149209/ref=as_li_qf_sp_asin_il_tl?tag=bst08-20&amp;ie=UTF8&amp;camp=1789&amp;creative=9325&amp;creativeASIN=0471149209&amp;linkCode=as2&amp;linkId=CLZSZENG664XLSEG,"['Murray Ruggerio', 'Murray A Ruggiero Jr']",[],"['This item: Cybernetic Trading Strategies: Developing a Profitable Trading System with State-of-the-Art Technologies', 'Intermarket Technical Analysis: Trading Strategies for the Global Stock, Bond, Commodity, and Currency Markets']"
 Cycle Analytics for Traders: Advanced Technical Trading Concepts ,"[93.85, 93.7, 86.18]",0.82,25,http://www.amazon.com/gp/product/1118728513/ref=as_li_qf_sp_asin_il_tl?tag=bst08-20&amp;ie=UTF8&amp;camp=1789&amp;creative=9325&amp;creativeASIN=1118728513&amp;linkCode=as2&amp;linkId=C4FQ45BYH4PFJNZU,['John F. Ehlers'],[],"['This item: Cycle Analytics for Traders: Advanced Technical Trading Concepts', 'Cybernetic Analysis for Stocks and Futures: Cutting-Edge DSP Technology to Improve Your Trading', 'Rocket Science for Traders: Digital Signal Processing Applications']"
" Intermarket Technical Analysis: Trading Strategies for the Global Stock, Bond, Commodity, and Currency Markets ","[79.62, 42.17, 47.5]",0.82,32,http://www.amazon.com/gp/product/0471524336/ref=as_li_qf_sp_asin_il_tl?tag=bst08-20&amp;ie=UTF8&amp;camp=1789&amp;creative=9325&amp;creativeASIN=0471524336&amp;linkCode=as2&amp;linkId=KUHZ542AE5IYZ36D,['John J. Murphy'],[],"['This item: Intermarket Technical Analysis: Trading Strategies for the Global Stock, Bond, Commodity, and Currency Markets', 'The Visual Investor: How to Spot Market Trends, 2nd Edition', 'Technical Analysis of the Financial Markets: A Comprehensive Guide to Trading Methods and Applications']"
 The Leverage Space Trading Model: Reconciling Portfolio Management Strategies and Economic Theory (Wiley Trading Book 425) ,[],1.0,3,http://www.amazon.com/gp/product/B002AWX62U/ref=as_li_tl?tag=bst08-20&amp;ie=UTF8&amp;camp=1789&amp;creative=9325&amp;creativeASIN=B002AWX62U&amp;linkCode=as2&amp;linkId=R5T7GZWQ2MPFMYD7,['Ralph Vince'],[],[]
" Building Winning Algorithmic Trading Systems, + Website: A Trader's Journey From Data Mining to Monte Carlo Simulation to Live Trading (Wiley Trading) ","[36.56, 6.99, 6.99]",0.8400000000000001,196,http://www.amazon.com/gp/product/1118778987/ref=as_li_qf_sp_asin_il_tl?tag=bst08-20&amp;ie=UTF8&amp;camp=1789&amp;creative=9325&amp;creativeASIN=1118778987&amp;linkCode=as2&amp;linkId=7ZEQZGMQFWLBSAQT,['Kevin J Davey'],[],"[""This item: Building Winning Algorithmic Trading Systems, + Website: A Trader's Journey From Data Mining to Monte Carlo Simulation to Live Trading (Wiley Trading)"", 'Entry and Exit Confessions of a Champion Trader: 52 Ways A Professional Speculator Gets In And Out Of The Stock, Futures And Forex Markets (Essential Algo Trading Package)', 'Introduction To Algo Trading: How Retail Traders Can Successfully Compete With Professional Traders (Essential Algo Trading Package)']"
 The Universal Principles of Successful Trading: Essential Knowledge for All Traders in All Markets ,"[38.07, 47.0]",0.8400000000000001,88,http://www.amazon.com/gp/product/0470825804/ref=as_li_tl?tag=bst08-20&amp;ie=UTF8&amp;camp=1789&amp;creative=9325&amp;creativeASIN=0470825804&amp;linkCode=as2&amp;linkId=G2DW56OT7NDYDCEU,['Brent Penfold'],[],"['This item: The Universal Principles of Successful Trading: Essential Knowledge for All Traders in All Markets', 'The Universal Tactics of Successful Trend Trading: Finding Opportunity in Uncertainty (Wiley Trading)']"
 The New Money Management: A Framework for Asset Allocation ,"[54.26, 71.28, 41.97]",0.82,11,http://www.amazon.com/gp/product/0471043079/ref=as_li_tl?tag=bst08-20&amp;ie=UTF8&amp;camp=1789&amp;creative=9325&amp;creativeASIN=0471043079&amp;linkCode=as2&amp;linkId=KZQOFI7H6O23H4PL,['Ralph Vince'],[],"['This item: The New Money Management: A Framework for Asset Allocation', 'The Mathematics of Money Management: Risk Analysis Techniques for Traders', 'The Leverage Space Trading Model: Reconciling Portfolio Management Strategies and Economic Theory']"
 Liar's Poker (25th Anniversary Edition): Rising Through the Wreckage on Wall Street ,"[19.19, 15.62, 13.82]",0.9,275,http://www.amazon.com/gp/product/0393246108/ref=as_li_qf_sp_asin_il_tl?tag=bst08-20&amp;ie=UTF8&amp;camp=1789&amp;creative=9325&amp;creativeASIN=0393246108&amp;linkCode=as2&amp;linkId=UNLY6DJWYGT5FG4E,['Michael Lewis'],"[' 320 pages ', ' English ', ' W. W. Norton & Company ', ' October 27, 2014 ', ' 6.5 x 1.1 x 9.6 inches ', ' 0393246108 ', ' 978-0393246100 ']","[""This item: Liar's Poker (25th Anniversary Edition): Rising Through the Wreckage on Wall Street"", 'The Big Short: Inside the Doomsday Machine', 'Flash Boys']"
 The Handbook of Portfolio Mathematics: Formulas for Optimal Allocation & Leverage ,"[74.75, 71.28, 41.97]",0.78,15,http://www.amazon.com/gp/product/0471757683/ref=as_li_tl?tag=bst08-20&amp;ie=UTF8&amp;camp=1789&amp;creative=9325&amp;creativeASIN=0471757683&amp;linkCode=as2&amp;linkId=VWX2E5FQMVBHR6NP,['Ralph Vince'],[],"['This item: The Handbook of Portfolio Mathematics: Formulas for Optimal Allocation & Leverage', 'The Mathematics of Money Management: Risk Analysis Techniques for Traders', 'The Leverage Space Trading Model: Reconciling Portfolio Management Strategies and Economic Theory']"
 Evidence-Based Technical Analysis: Applying the Scientific Method and Statistical Inference to Trading Signals ,"[61.35, 129.95, 34.29]",0.78,97,http://www.amazon.com/gp/product/0470008741/ref=as_li_qf_sp_asin_il_tl?tag=bst08-20&amp;ie=UTF8&amp;camp=1789&amp;creative=9325&amp;creativeASIN=0470008741&amp;linkCode=as2&amp;linkId=Q6KPO46AMNC3UO4A,['David R. Aronson'],[],"['This item: Evidence-Based Technical Analysis: Applying the Scientific Method and Statistical Inference to Trading Signals', 'Statistically Sound Machine Learning for Algorithmic Trading of Financial Instruments: Developing Predictive-Model-Based Trading Systems Using TSSB', 'Testing and Tuning Market Trading Systems: Algorithms in C++']"
" Modeling Trading System Performance: Monte Carlo Simulation, Position Sizing, Risk Management, and Statistics ","[29.95, 32.95, 19.95]",0.76,17,http://www.amazon.com/gp/product/0979183820/ref=as_li_tl?tag=bst08-20&amp;ie=UTF8&amp;camp=1789&amp;creative=9325&amp;creativeASIN=0979183820&amp;linkCode=as2&amp;linkId=YCAMTU2WF3HLZOHR,['Howard B. Bandy'],"[' 400 pages ', ' English ', ' May 11, 2011 ', ' 7 x 0.91 x 10 inches ', ' 0979183820 ', ' 978-0979183829 ']","['This item: Modeling Trading System Performance: Monte Carlo Simulation, Position Sizing, Risk Management, and Statistics', 'Mean Reversion Trading System: Practical Methods for Swing Trading', 'Quantitative Trading Systems: Practical Methods for Design, Testing, and Validation']"
 Stock Market Wizards: Interviews with America's Top Stock Traders ,"[8.99, 13.39, 18.59]",0.9400000000000001,293,http://www.amazon.com/gp/product/0066620597/ref=as_li_tl?tag=bst08-20&amp;ie=UTF8&amp;camp=1789&amp;creative=9325&amp;creativeASIN=0066620597&amp;linkCode=as2&amp;linkId=G6S5NMXPKHGVCLJ6,['Jack D. Schwager'],"[' 352 pages ', ' English ', ' April 15, 2003 ', ' 5.31 x 0.79 x 8 inches ', ' 0066620597 ', ' 978-0066620596 ']","[""This item: Stock Market Wizards: Interviews with America's Top Stock Traders"", ""The New Market Wizards: Conversations with America's Top Traders"", 'Market Wizards: Interviews with Top Traders']"
 Long-Term Secrets to Short-Term Trading ,"[53.99, 25.0, 41.49]",0.9,112,http://www.amazon.com/gp/product/0470915730/ref=as_li_qf_sp_asin_il_tl?tag=bst08-20&amp;ie=UTF8&amp;camp=1789&amp;creative=9325&amp;creativeASIN=0470915730&amp;linkCode=as2&amp;linkId=NEDVX6T4DFM6X2BK,['Larry R. Williams'],"[' 320 pages ', ' English ', ' Wiley ', ' December 6, 2011 ', ' 7.2 x 1.3 x 10 inches ', ' 9780470915738 ', ' 978-0470915738 ']","['This item: Long-Term Secrets to Short-Term Trading', 'The Secrets of Selecting Stocks for Immediate and Substantial Gains', 'How I Made One Million Dollars ... Last Year ... Trading Commodities']"
 Unholy Grails - A New Road to Wealth ,[],0.8800000000000001,83,http://www.amazon.com/gp/product/B007T97DJQ/ref=as_li_tl?tag=bst08-20&amp;ie=UTF8&amp;camp=1789&amp;creative=9325&amp;creativeASIN=B007T97DJQ&amp;linkCode=as2&amp;linkId=WWIQLCCNFAKVASWQ,['Nick Radge'],"[' 223 pages ', ' English ', ' April 5, 2012 ', ' 11719 KB ', ' Enabled ', ' Enabled ', ' Enabled ']",[]
 The Trading Game: Playing by the Numbers to Make Millions ,"[54.94, 71.28, 74.75]",0.64,47,http://www.amazon.com/gp/product/0471316989/ref=as_li_qf_sp_asin_il_tl?tag=bst08-20&amp;ie=UTF8&amp;camp=1789&amp;creative=9325&amp;creativeASIN=0471316989&amp;linkCode=as2&amp;linkId=QHJUPSBEK7FEZQCB,['Ryan Jones'],[],"['This item: The Trading Game: Playing by the Numbers to Make Millions', 'The Mathematics of Money Management: Risk Analysis Techniques for Traders', 'The Handbook of Portfolio Mathematics: Formulas for Optimal Allocation & Leverage']"
 Stock Market Logic: A Sophisticated Approach to Profits on Wall Street ,"[21.0, 18.6, 17.0]",0.9199999999999999,60,http://www.amazon.com/gp/product/0793101484/ref=as_li_qf_sp_asin_il_tl?tag=bst08-20&amp;ie=UTF8&amp;camp=1789&amp;creative=9325&amp;creativeASIN=0793101484&amp;linkCode=as2&amp;linkId=HUWSNQYLBW7TE3OX,['Norman G. Fosback'],"[' 384 pages ', ' English ', ' Dearborn Financial Publishing, Inc. ', ' August 1, 1991 ', ' 6 x 1.25 x 8.75 inches ', ' 0793101484 ', ' 978-0793101481 ']","['This item: Stock Market Logic: A Sophisticated Approach to Profits on Wall Street', 'The Wealth of Nations', 'Investing from Scratch: A Handbook for the Young Investor']"
 Seasonal Stock Market Trends: The Definitive Guide to Calendar-Based Stock Market Trading ,"[51.86, 61.78, 53.99]",0.82,23,http://www.amazon.com/gp/product/0470270438/ref=as_li_qf_sp_asin_il_tl?tag=bst08-20&amp;ie=UTF8&amp;camp=1789&amp;creative=9325&amp;creativeASIN=0470270438&amp;linkCode=as2&amp;linkId=QRU3C4XSBX576BV2,['Jay Kaeppel'],[],"['This item: Seasonal Stock Market Trends: The Definitive Guide to Calendar-Based Stock Market Trading', 'The Art and Science of Technical Analysis: Market Structure, Price Action, and Trading Strategies', 'Long-Term Secrets to Short-Term Trading']"
 The Four Biggest Mistakes in Futures Trading ,[],0.86,3,http://www.amazon.com/gp/product/1883272084/ref=as_li_qf_sp_asin_il_tl?tag=bst08-20&amp;ie=UTF8&amp;camp=1789&amp;creative=9325&amp;creativeASIN=1883272084&amp;linkCode=as2&amp;linkId=TQL4P7UQBHVZAH4N,['Jay Kaeppel'],"[' 112 pages ', ' English ', ' Wiley ', ' April 17, 2000 ', ' 5.4 x 0.3 x 8.55 inches ', ' 9781883272081 ', ' 978-1883272081 ']",[]
" The Option Trader's Guide to Probability, Volatility, and Timing ",[],0.8,7,http://www.amazon.com/gp/product/047122619X/ref=as_li_qf_sp_asin_il_tl?tag=bst08-20&amp;ie=UTF8&amp;camp=1789&amp;creative=9325&amp;creativeASIN=047122619X&amp;linkCode=as2&amp;linkId=QPMOFXJRRV5OC5UD,['Jay Kaeppel'],[],[]
 The Four Biggest Mistakes in Option Trading ,"[22.76, 51.86]",0.82,19,http://www.amazon.com/gp/product/1592802559/ref=as_li_qf_sp_asin_il_tl?tag=bst08-20&amp;ie=UTF8&amp;camp=1789&amp;creative=9325&amp;creativeASIN=1592802559&amp;linkCode=as2&amp;linkId=K2M3ZACUTZTA62OE,['Jay Kaeppel'],"[' 112 pages ', ' English ', ' Wiley ', ' November 20, 2006 ', ' 5.4 x 0.3 x 8.5 inches ', ' 1592802559 ', ' 978-1592802555 ']","['This item: The Four Biggest Mistakes in Option Trading', 'Seasonal Stock Market Trends: The Definitive Guide to Calendar-Based Stock Market Trading']"
 Market Wizards: Interviews with Top Traders ,"[18.59, 24.35]",0.9400000000000001,1838,http://www.amazon.com/gp/product/1118273052/ref=as_li_tl?tag=bst08-20&amp;ie=UTF8&amp;camp=1789&amp;creative=9325&amp;creativeASIN=1118273052&amp;linkCode=as2&amp;linkId=YS6AAB65OWL74QGJ,['Jack D. Schwager'],"[' 512 pages ', ' English ', ' Wiley ', ' February 7, 2012 ', ' 6 x 1.3 x 8.9 inches ', ' 1118273052 ', ' 978-1118273050 ']","['This item: Market Wizards: Interviews with Top Traders', 'Trade Your Way to Financial Freedom']"
 Reminiscences of a Stock Operator ,"[12.99, 22.0, 12.49]",0.9199999999999999,2688,http://www.amazon.com/gp/product/0471770884/ref=as_li_tl?tag=bst08-20&amp;ie=UTF8&amp;camp=1789&amp;creative=9325&amp;creativeASIN=0471770884&amp;linkCode=as2&amp;linkId=5ZQCB4APFQTT4NVC,['Edwin Lefevre'],"[' 288 pages ', ' English ', ' Wiley ', ' January 17, 2006 ', ' 5.3 x 0.9 x 8.3 inches ', ' 0471770884 ', ' 978-0471770886 ']","['This item: Reminiscences of a Stock Operator', 'Trading in the Zone: Master the Market with Confidence, Discipline and a Winning Attitude', ""Thinking in Bets: Making Smarter Decisions When You Don't Have All the Facts""]"
 Trading Systems That Work: Building and Evaluating Effective Trading Systems ,"[36.58, 64.87, 47.5]",0.74,36,http://www.amazon.com/gp/product/007135980X/ref=as_li_qf_sp_asin_il_tl?tag=bst08-20&amp;ie=UTF8&amp;camp=1789&amp;creative=9325&amp;creativeASIN=007135980X&amp;linkCode=as2&amp;linkId=A3J3O2CVQFWXIXF5,['Thomas Stridsman'],[],"['This item: Trading Systems That Work: Building and Evaluating Effective Trading Systems', 'The Encyclopedia of Trading Strategies', 'Technical Analysis of the Financial Markets: A Comprehensive Guide to Trading Methods and Applications']"
 Trading Systems and Money Management (The Irwin Trader's Edge Series) ,[],0.6799999999999999,4,http://www.amazon.com/gp/product/B00UYBS1I8/ref=as_li_qf_sp_asin_il_tl?tag=bst08-20&amp;ie=UTF8&amp;camp=1789&amp;creative=9325&amp;creativeASIN=B00UYBS1I8&amp;linkCode=as2&amp;linkId=5V6FB4SABNJALSZX,['Thomas Stridsman'],[],[]
 Investing with the Trend: A Rules-based Approach to Money Management ,"[80.32, 43.62, 26.31]",0.74,51,http://www.amazon.com/gp/product/1118508378/ref=as_li_qf_sp_asin_il_tl?tag=bst08-20&amp;ie=UTF8&amp;camp=1789&amp;creative=9325&amp;creativeASIN=1118508378&amp;linkCode=as2&amp;linkId=RHCGQYZXRNTTEZGO,['Gregory L. Morris'],[],"['This item: Investing with the Trend: A Rules-based Approach to Money Management', 'Candlestick Charting Explained: Timeless Techniques for Trading Stocks and Futures', 'Candlestick Charting Explained Workbook: Step-by-Step Exercises and Tests to Help You Master Candlestick Charting']"
 Technical Analysis: The Complete Resource for Financial Market Technicians ,"[77.49, 47.5, 61.78]",0.8800000000000001,74,http://www.amazon.com/gp/product/0134137043/ref=as_li_qf_sp_asin_il_tl?tag=bst08-20&amp;ie=UTF8&amp;camp=1789&amp;creative=9325&amp;creativeASIN=0134137043&amp;linkCode=as2&amp;linkId=2HHF2H2BZNLU5X3P,['Charles D. Kirkpatrick'],[],"['This item: Technical Analysis: The Complete Resource for Financial Market Technicians', 'Technical Analysis of the Financial Markets: A Comprehensive Guide to Trading Methods and Applications', 'The Art and Science of Technical Analysis: Market Structure, Price Action, and Trading Strategies']"
 Technical Analysis of the Financial Markets: A Comprehensive Guide to Trading Methods and Applications ,"[47.5, 14.95, 20.49]",0.9400000000000001,1561,http://www.amazon.com/gp/product/0735200661/ref=as_li_qf_sp_asin_il_tl?tag=bst08-20&amp;ie=UTF8&amp;camp=1789&amp;creative=9325&amp;creativeASIN=0735200661&amp;linkCode=as2&amp;linkId=53JV3XIA7J7RBAKQ,['John J. Murphy'],[],"['This item: Technical Analysis of the Financial Markets: A Comprehensive Guide to Trading Methods and Applications', 'Charting and Technical Analysis', 'Study Guide to Technical Analysis of the Financial Markets: A Comprehensive Guide to Trading Methods and Applications (New York Institute of Finance S)']"
" Technical Analysis Explained, Fifth Edition: The Successful Investor's Guide to Spotting Investment Trends and Turning Points ","[61.45, 22.95, 47.5]",0.9,225,http://www.amazon.com/gp/product/0071825177/ref=as_li_qf_sp_asin_il_tl?tag=bst08-20&amp;ie=UTF8&amp;camp=1789&amp;creative=9325&amp;creativeASIN=0071825177&amp;linkCode=as2&amp;linkId=ZWSAGNSKHLB3X5P4,['Martin J. Pring'],[],"[""This item: Technical Analysis Explained, Fifth Edition: The Successful Investor's Guide to Spotting Investment Trends and Turning Points"", 'Getting Started in Technical Analysis', 'Technical Analysis of the Financial Markets: A Comprehensive Guide to Trading Methods and Applications']"
 The Psychology of Trading: Tools and Techniques for Minding the Markets ,"[51.35, 30.49, 28.11]",0.9199999999999999,209,http://www.amazon.com/gp/product/0471267619/ref=as_li_tl?tag=bst08-20&amp;ie=UTF8&amp;camp=1789&amp;creative=9325&amp;creativeASIN=0471267619&amp;linkCode=as2&amp;linkId=DO7EQTVDR2O42ILX,['Brett N. Steenbarger'],[],"['This item: The Psychology of Trading: Tools and Techniques for Minding the Markets', 'Trading Psychology 2.0: From Best Practices to Best Processes (Wiley Trading)', 'The Daily Trading Coach: 101 Lessons for Becoming Your Own Trading Psychologist']"
 The Daily Trading Coach: 101 Lessons for Becoming Your Own Trading Psychologist ,"[28.11, 22.0, 30.49]",0.9199999999999999,404,http://www.amazon.com/gp/product/0470398566/ref=as_li_tl?tag=bst08-20&amp;ie=UTF8&amp;camp=1789&amp;creative=9325&amp;creativeASIN=0470398566&amp;linkCode=as2&amp;linkId=G5OB63RRCHCVMJAM,['Brett N. Steenbarger'],[],"['This item: The Daily Trading Coach: 101 Lessons for Becoming Your Own Trading Psychologist', 'Trading in the Zone: Master the Market with Confidence, Discipline and a Winning Attitude', 'Trading Psychology 2.0: From Best Practices to Best Processes (Wiley Trading)']"
 Enhancing Trader Performance ,"[59.58, 30.49, 51.35]",0.8800000000000001,80,http://www.amazon.com/gp/product/0470038667/ref=as_li_tl?tag=bst08-20&amp;ie=UTF8&amp;camp=1789&amp;creative=9325&amp;creativeASIN=0470038667&amp;linkCode=as2&amp;linkId=SNCLAA6SBA335IWX,['Brett N. Steenbarger'],[],"['This item: Enhancing Trader Performance', 'Trading Psychology 2.0: From Best Practices to Best Processes (Wiley Trading)', 'The Psychology of Trading: Tools and Techniques for Minding the Markets']"
 Trading Psychology 2.0: From Best Practices to Best Processes (Wiley Trading) ,"[30.49, 28.11, 22.0]",0.9400000000000001,190,http://www.amazon.com/gp/product/1118936817/ref=as_li_qf_sp_asin_il_tl?tag=bst08-20&amp;ie=UTF8&amp;camp=1789&amp;creative=9325&amp;creativeASIN=1118936817&amp;linkCode=as2&amp;linkId=OWUGDICDAH42BNEH,['Brett N. Steenbarger'],[],"['This item: Trading Psychology 2.0: From Best Practices to Best Processes (Wiley Trading)', 'The Daily Trading Coach: 101 Lessons for Becoming Your Own Trading Psychologist', 'Trading in the Zone: Master the Market with Confidence, Discipline and a Winning Attitude']"
 Evidence-Based Technical Analysis: Applying the Scientific Method and Statistical Inference to Trading Signals ,"[61.35, 129.95, 34.29]",0.78,97,http://www.amazon.com/gp/product/0470008741/ref=as_li_qf_sp_asin_il_tl?tag=bst08-20&amp;ie=UTF8&amp;camp=1789&amp;creative=9325&amp;creativeASIN=0470008741&amp;linkCode=as2&amp;linkId=Q6KPO46AMNC3UO4A,['David R. Aronson'],[],"['This item: Evidence-Based Technical Analysis: Applying the Scientific Method and Statistical Inference to Trading Signals', 'Statistically Sound Machine Learning for Algorithmic Trading of Financial Instruments: Developing Predictive-Model-Based Trading Systems Using TSSB', 'Testing and Tuning Market Trading Systems: Algorithms in C++']"
 Statistically Sound Machine Learning for Algorithmic Trading of Financial Instruments: Developing Predictive-Model-Based Trading Systems Using TSSB ,"[129.95, 61.35, 34.29]",0.82,32,http://www.amazon.com/gp/product/148950771X/ref=as_li_qf_sp_asin_il_tl?tag=bst08-20&amp;ie=UTF8&amp;camp=1789&amp;creative=9325&amp;creativeASIN=148950771X&amp;linkCode=as2&amp;linkId=LBBMDFCU4WBNKA4Q,"['Timothy Masters', 'Timothy Masters']",[],"['This item: Statistically Sound Machine Learning for Algorithmic Trading of Financial Instruments: Developing Predictive-Model-Based Trading Systems Using TSSB', 'Evidence-Based Technical Analysis: Applying the Scientific Method and Statistical Inference to Trading Signals', 'Testing and Tuning Market Trading Systems: Algorithms in C++']"
" The Art and Science of Technical Analysis: Market Structure, Price Action, and Trading Strategies ","[61.78, 49.97, 56.83]",0.9400000000000001,310,http://www.amazon.com/gp/product/1118115120/ref=as_li_qf_sp_asin_il_tl?tag=bst08-20&amp;ie=UTF8&amp;camp=1789&amp;creative=9325&amp;creativeASIN=1118115120&amp;linkCode=as2&amp;linkId=OQUIPY46HJKPQVOW,['Adam Grimes'],[],"['This item: The Art and Science of Technical Analysis: Market Structure, Price Action, and Trading Strategies', 'The Art and Science of Trading: Course Workbook', 'The Candlestick Course']"
 Enhancing Trader Performance ,"[59.58, 30.49, 51.35]",0.8800000000000001,80,http://www.amazon.com/gp/product/0470038667/ref=as_li_tl?tag=bst08-20&amp;ie=UTF8&amp;camp=1789&amp;creative=9325&amp;creativeASIN=0470038667&amp;linkCode=as2&amp;linkId=SNCLAA6SBA335IWX,['Brett N. Steenbarger'],[],"['This item: Enhancing Trader Performance', 'Trading Psychology 2.0: From Best Practices to Best Processes (Wiley Trading)', 'The Psychology of Trading: Tools and Techniques for Minding the Markets']"
 Fortune's Formula: The Untold Story of the Scientific Betting System That Beat the Casinos and Wall Street ,"[15.99, 9.99, 50.15]",0.9,446,http://www.amazon.com/gp/product/0809045990/ref=as_li_tl?tag=bst08-20&amp;ie=UTF8&amp;camp=1789&amp;creative=9325&amp;creativeASIN=0809045990&amp;linkCode=as2&amp;linkId=XH5FB2X7NKTUTEHF,['William Poundstone'],"[' 386 pages ', ' English ', ' Hill and Wang ', ' September 19, 2006 ', ' 5.4 x 1.2 x 8.2 inches ', ' 9780809045990 ', ' 978-0809045990 ']","[""This item: Fortune's Formula: The Untold Story of the Scientific Betting System That Beat the Casinos and Wall Street"", 'A Man for All Markets: From Las Vegas to Wall Street, How I Beat the Dealer and the Market', 'KELLY CAPITAL GROWTH INVESTMENT CRITERION, THE: THEORY AND PRACTICE (World Scientific Handbook in Financial Economics)']"
 Trading Systems That Work: Building and Evaluating Effective Trading Systems ,"[36.58, 64.87, 47.5]",0.74,36,http://www.amazon.com/gp/product/007135980X/ref=as_li_tl?tag=bst08-20&amp;ie=UTF8&amp;camp=1789&amp;creative=9325&amp;creativeASIN=007135980X&amp;linkCode=as2&amp;linkId=5SRXCIMZBWJR4FVW,['Thomas Stridsman'],[],"['This item: Trading Systems That Work: Building and Evaluating Effective Trading Systems', 'The Encyclopedia of Trading Strategies', 'Technical Analysis of the Financial Markets: A Comprehensive Guide to Trading Methods and Applications']"
 Come Into My Trading Room: A Complete Guide to Trading ,"[36.0, 27.99, 46.5]",0.9199999999999999,399,http://www.amazon.com/gp/product/0471225347/ref=as_li_qf_sp_asin_il_tl?tag=bst08-20&amp;ie=UTF8&amp;camp=1789&amp;creative=9325&amp;creativeASIN=0471225347&amp;linkCode=as2&amp;linkId=4HEMWWEHI2CIP6QB,['Alexander Elder'],"[' 313 pages ', ' English ', ' Wiley ', ' April 19, 2002 ', ' 6.2 x 1.2 x 9.1 inches ', ' 9780471225348 ', ' 978-0471225348 ']","['This item: Come Into My Trading Room: A Complete Guide to Trading', 'Study Guide for Come Into My Trading Room: A Complete Guide to Trading', 'The New Trading for a Living: Psychology, Discipline, Trading Tools and Systems, Risk Control, Trade Management (Wiley Trading)']"
 Market Wizards: Interviews with Top Traders ,"[18.59, 24.35]",0.9400000000000001,1838,http://www.amazon.com/gp/product/1118273052/ref=as_li_tl?tag=bst08-20&amp;ie=UTF8&amp;camp=1789&amp;creative=9325&amp;creativeASIN=1118273052&amp;linkCode=as2&amp;linkId=S4FPZ4NQXLIJJKNI,['Jack D. Schwager'],"[' 512 pages ', ' English ', ' Wiley ', ' February 7, 2012 ', ' 6 x 1.3 x 8.9 inches ', ' 1118273052 ', ' 978-1118273050 ']","['This item: Market Wizards: Interviews with Top Traders', 'Trade Your Way to Financial Freedom']"
 Systematic Trading: A unique new method for designing trading and investing systems ,"[69.99, 45.0, 44.93]",0.86,118,http://www.amazon.com/gp/product/0857194453/ref=as_li_qf_sp_asin_il_tl?tag=bst08-20&amp;ie=UTF8&amp;camp=1789&amp;creative=9325&amp;creativeASIN=0857194453&amp;linkCode=as2&amp;linkId=4EWHMJDO3C5WTJGN,['Robert Carver'],[],"['This item: Systematic Trading: A unique new method for designing trading and investing systems', 'Leveraged Trading: A professional approach to trading FX, stocks on margin, CFDs, spread bets and futures for all traders', 'Smart Portfolios: A practical guide to building and maintaining intelligent investment portfolios']"
 Trading Systems and Methods + Website (5th edition) Wiley Trading ,[78.99],0.8400000000000001,59,http://www.amazon.com/gp/product/1118043561/ref=as_li_tl?tag=bst08-20&amp;ie=UTF8&amp;camp=1789&amp;creative=9325&amp;creativeASIN=1118043561&amp;linkCode=as2&amp;linkId=Z5AXCFV2PYTDZHXU,['Perry J. Kaufman'],[],[]
 Trade Mindfully: Achieve Your Optimum Trading Performance with Mindfulness and Cutting-Edge Psychology (Wiley Trading) ,"[45.49, 61.78, 22.0]",0.9199999999999999,185,http://www.amazon.com/gp/product/1118445619/ref=as_li_qf_sp_asin_il_tl?tag=bst08-20&amp;ie=UTF8&amp;camp=1789&amp;creative=9325&amp;creativeASIN=1118445619&amp;linkCode=as2&amp;linkId=HOVDI2I6LMG2W2VZ,['Gary Dayton'],[],"['This item: Trade Mindfully: Achieve Your Optimum Trading Performance with Mindfulness and Cutting-Edge Psychology (Wiley Trading)', 'The Art and Science of Technical Analysis: Market Structure, Price Action, and Trading Strategies', 'Trading in the Zone: Master the Market with Confidence, Discipline and a Winning Attitude']"
 Traders at Work: How the World's Most Successful Traders Make Their Living in the Markets ,"[21.6, 61.78, 53.99]",0.9,31,http://www.amazon.com/gp/product/1430244437/ref=as_li_qf_sp_asin_il_tl?tag=bst08-20&amp;ie=UTF8&amp;camp=1789&amp;creative=9325&amp;creativeASIN=1430244437&amp;linkCode=as2&amp;linkId=5IFOJKISBAALA5UF,[],[],"[""This item: Traders at Work: How the World's Most Successful Traders Make Their Living in the Markets"", 'The Art and Science of Technical Analysis: Market Structure, Price Action, and Trading Strategies', 'Long-Term Secrets to Short-Term Trading']"
 Trading Beyond the Matrix: The Red Pill for Traders and Investors ,"[28.49, 25.08, 24.35]",0.8400000000000001,196,http://www.amazon.com/gp/product/1118525663/ref=as_li_tl?tag=bst08-20&amp;ie=UTF8&amp;camp=1789&amp;creative=9325&amp;creativeASIN=1118525663&amp;linkCode=as2&amp;linkId=FOBV3SZDHO3UNNQB,['Van K. Tharp'],[],"['This item: Trading Beyond the Matrix: The Red Pill for Traders and Investors', 'Super Trader, Expanded Edition: Make Consistent Profits in Good and Bad Markets', 'Trade Your Way to Financial Freedom']"
 Trade Your Way to Financial Freedom ,"[24.35, 25.08, 22.0]",0.9,576,http://www.amazon.com/gp/product/007147871X/ref=as_li_qf_sp_asin_il_tl?tag=bst08-20&amp;ie=UTF8&amp;camp=1789&amp;creative=9325&amp;creativeASIN=007147871X&amp;linkCode=as2&amp;linkId=GZMUMV6RL27NWC42,['Van K. Tharp'],[],"['This item: Trade Your Way to Financial Freedom', 'Super Trader, Expanded Edition: Make Consistent Profits in Good and Bad Markets', 'Trading in the Zone: Master the Market with Confidence, Discipline and a Winning Attitude']"
" Super Trader, Expanded Edition: Make Consistent Profits in Good and Bad Markets ","[25.08, 24.35, 28.49]",0.8800000000000001,275,http://www.amazon.com/gp/product/007174908X/ref=as_li_qf_sp_asin_il_tl?tag=bst08-20&amp;ie=UTF8&amp;camp=1789&amp;creative=9325&amp;creativeASIN=007174908X&amp;linkCode=as2&amp;linkId=EE2FCXEQTFZVVCRW,['Van K. Tharp'],"[' 320 pages ', ' English ', ' McGraw Hill ', ' December 3, 2010 ', ' 6.4 x 0.81 x 9.3 inches ', ' 007174908X ', ' 978-0071749084 ']","['This item: Super Trader, Expanded Edition: Make Consistent Profits in Good and Bad Markets', 'Trade Your Way to Financial Freedom', 'Trading Beyond the Matrix: The Red Pill for Traders and Investors']"
 Trading and Exchanges: Market Microstructure for Practitioners ,"[122.28, 50.91, 49.99]",0.8800000000000001,82,http://www.amazon.com/gp/product/0195144708/ref=as_li_qf_sp_asin_il_tl?tag=bst08-20&amp;ie=UTF8&amp;camp=1789%2c1789&amp;creative=9325%2c9325&amp;creativeASIN=0195144708%2c0195144708&amp;linkCode=as2%2cas2&amp;linkId=ZUXSDTOY4HCRRTERhttp%3a%2f%2fwww.amazon.com%2fgp%2fproduct%2f0195144708%2fref%3das_li_qf_sp_asin_il_tl%3fie%3dUTF8%2cZUXSDTOY4HCRRTER,['Larry Harris'],[],"['This item: Trading and Exchanges: Market Microstructure for Practitioners', 'Algorithmic Trading: Winning Strategies and Their Rationale', 'Algorithmic Trading and DMA: An introduction to direct access trading strategies']"
" The Electronic Day Trader: Successful Strategies for On-line Trading by West, George 1st edition (2000) Paperback ",[],0.64,32,http://www.amazon.com/gp/product/B010IKGMBM/ref=as_li_qf_sp_asin_il_tl?tag=bst08-20&amp;ie=UTF8&amp;camp=1789&amp;creative=9325&amp;creativeASIN=B010IKGMBM&amp;linkCode=as2&amp;linkId=CXL66M5CGYBGWDYT,['Marc Friedfertig'],[' McGraw-Hill Education '],[]
 A Beginner's Guide to Day Trading Online (2nd edition) ,"[9.99, 15.99, 6.99]",0.8800000000000001,1250,http://www.amazon.com/gp/product/1593376863/ref=as_li_qf_sp_asin_il_tl?tag=bst08-20&amp;ie=UTF8&amp;camp=1789&amp;creative=9325&amp;creativeASIN=1593376863&amp;linkCode=as2&amp;linkId=XGOHQCJ44TWG2UHR,['Toni Turner'],"[' 288 pages ', ' English ', ' January 19, 2007 ', ' 6 x 0.9 x 9 inches ', ' 1593376863 ', ' 978-1593376864 ']","[""This item: A Beginner's Guide to Day Trading Online (2nd edition)"", 'How to Day Trade for a Living: A Beginnerâ€™s Guide to Trading Tools and Tactics, Money Management, Discipline and Trading Psychology (Stock Market Trading and Investing)', ""A Beginner's Guide to the Stock Market: Everything You Need to Start Making Money Today""]"
 How to Get Started in Electronic Day Trading: Everything You Need to Know to Play Wall Street's Hottest Game ,[],0.7,31,http://www.amazon.com/gp/product/B000FA5KVO/ref=as_li_qf_sp_asin_il_tl?tag=bst08-20&amp;ie=UTF8&amp;camp=1789&amp;creative=9325&amp;creativeASIN=B000FA5KVO&amp;linkCode=as2&amp;linkId=SCDO6PGF4XQVXI4T,['David S. Nassar'],[],[]
 Long-Term Secrets to Short-Term Trading ,"[53.99, 25.0, 41.49]",0.9,112,http://www.amazon.com/gp/product/0470915730/ref=as_li_qf_sp_asin_il_tl?tag=bst08-20&amp;ie=UTF8&amp;camp=1789&amp;creative=9325&amp;creativeASIN=0470915730&amp;linkCode=as2&amp;linkId=NEDVX6T4DFM6X2BK,['Larry R. Williams'],"[' 320 pages ', ' English ', ' Wiley ', ' December 6, 2011 ', ' 7.2 x 1.3 x 10 inches ', ' 9780470915738 ', ' 978-0470915738 ']","['This item: Long-Term Secrets to Short-Term Trading', 'The Secrets of Selecting Stocks for Immediate and Substantial Gains', 'How I Made One Million Dollars ... Last Year ... Trading Commodities']"
 Trade Stocks and Commodities with the Insiders ,"[49.99, 53.99, 41.49]",0.8800000000000001,86,http://www.amazon.com/gp/product/0471741256/ref=as_li_qf_sp_asin_il_tl?tag=bst08-20&amp;ie=UTF8&amp;camp=1789&amp;creative=9325&amp;creativeASIN=0471741256&amp;linkCode=as2&amp;linkId=B7CTLJFPGGKRXGMN,['Larry R. Williams'],"[' 224 pages ', ' English ', ' Wiley ', ' August 29, 2005 ', ' 6 x 0.7 x 9 inches ', ' 0471741256 ', ' 978-0471741251 ']","['This item: Trade Stocks and Commodities with the Insiders', 'Long-Term Secrets to Short-Term Trading', 'How I Made One Million Dollars ... Last Year ... Trading Commodities']"
 The Zurich Axioms: The rules of risk and reward used by generations of Swiss bankers ,"[19.99, 19.99, 19.99]",0.9,386,http://www.amazon.com/gp/product/1897597495/ref=as_li_qf_sp_asin_il_tl?tag=bst08-20&amp;ie=UTF8&amp;camp=1789&amp;creative=9325&amp;creativeASIN=1897597495&amp;linkCode=as2&amp;linkId=ZH5VBZHCM756ZR6Q,['Max Gunther'],"[' 140 pages ', ' English ', ' Harriman House ', ' January 1, 2005 ', ' 6.08 x 0.36 x 8.98 inches ', ' 1897597495 ', ' 978-1897597491 ']","['This item: The Zurich Axioms: The rules of risk and reward used by generations of Swiss bankers', 'The Luck Factor: Why Some People Are Luckier Than Others and How You Can Become One of Them', ""How to Get Lucky: 13 techniques for discovering and taking advantage of life's good breaks""]"
 The Mental Edge in Trading : Adapt Your Personality Traits and Control Your Emotions to Make Smarter Investments ,"[30.75, 23.39, 18.59]",0.86,43,http://www.amazon.com/gp/product/0071799400/ref=as_li_qf_sp_asin_il_tl?tag=bst08-20&amp;ie=UTF8&amp;camp=1789&amp;creative=9325&amp;creativeASIN=0071799400&amp;linkCode=as2&amp;linkId=6VVRUX6YE2FCBAUS,['Jason Williams MD'],"[' 240 pages ', ' English ', ' McGraw Hill ', ' November 27, 2012 ', ' 6.4 x 0.9 x 9.3 inches ', ' 0071799400 ', ' 978-0071799409 ']","['This item: The Mental Edge in Trading : Adapt Your Personality Traits and Control Your Emotions to Make Smarter Investments', 'Trading in the Zone: Master the Market with Confidence, Discipline and a Winning Attitude', 'Market Wizards: Interviews with Top Traders']"
 Trading Beyond the Matrix: The Red Pill for Traders and Investors ,"[28.49, 25.08, 24.35]",0.8400000000000001,196,http://www.amazon.com/gp/product/1118525663/ref=as_li_tl?tag=bst08-20&amp;ie=UTF8&amp;camp=1789&amp;creative=9325&amp;creativeASIN=1118525663&amp;linkCode=as2&amp;linkId=FOBV3SZDHO3UNNQB,['Van K. Tharp'],[],"['This item: Trading Beyond the Matrix: The Red Pill for Traders and Investors', 'Super Trader, Expanded Edition: Make Consistent Profits in Good and Bad Markets', 'Trade Your Way to Financial Freedom']"
" Super Trader, Expanded Edition: Make Consistent Profits in Good and Bad Markets ","[25.08, 24.35, 28.49]",0.8800000000000001,275,http://www.amazon.com/gp/product/007174908X/ref=as_li_qf_sp_asin_il_tl?tag=bst08-20&amp;ie=UTF8&amp;camp=1789&amp;creative=9325&amp;creativeASIN=007174908X&amp;linkCode=as2&amp;linkId=EE2FCXEQTFZVVCRW,['Van K. Tharp'],"[' 320 pages ', ' English ', ' McGraw Hill ', ' December 3, 2010 ', ' 6.4 x 0.81 x 9.3 inches ', ' 007174908X ', ' 978-0071749084 ']","['This item: Super Trader, Expanded Edition: Make Consistent Profits in Good and Bad Markets', 'Trade Your Way to Financial Freedom', 'Trading Beyond the Matrix: The Red Pill for Traders and Investors']"
 Trade Your Way to Financial Freedom ,"[24.35, 25.08, 23.39]",0.9,576,http://www.amazon.com/gp/product/007147871X/ref=as_li_qf_sp_asin_il_tl?tag=bst08-20&amp;ie=UTF8&amp;camp=1789&amp;creative=9325&amp;creativeASIN=007147871X&amp;linkCode=as2&amp;linkId=GZMUMV6RL27NWC42,['Van K. Tharp'],[],"['This item: Trade Your Way to Financial Freedom', 'Super Trader, Expanded Edition: Make Consistent Profits in Good and Bad Markets', 'Trading in the Zone: Master the Market with Confidence, Discipline and a Winning Attitude']"
 Market Wizards: Interviews with Top Traders ,"[18.59, 24.35]",0.9400000000000001,1838,http://www.amazon.com/gp/product/1118273052/ref=as_li_tl?tag=bst08-20&amp;ie=UTF8&amp;camp=1789&amp;creative=9325&amp;creativeASIN=1118273052&amp;linkCode=as2&amp;linkId=YS6AAB65OWL74QGJ,['Jack D. Schwager'],"[' 512 pages ', ' English ', ' Wiley ', ' February 7, 2012 ', ' 6 x 1.3 x 8.9 inches ', ' 1118273052 ', ' 978-1118273050 ']","['This item: Market Wizards: Interviews with Top Traders', 'Trade Your Way to Financial Freedom']"
 Market Wizards: Interviews with Top Traders ,"[18.59, 24.35]",0.9400000000000001,1838,http://www.amazon.com/gp/product/1118273052/ref=as_li_tl?tag=bst08-20&amp;ie=UTF8&amp;camp=1789&amp;creative=9325&amp;creativeASIN=1118273052&amp;linkCode=as2&amp;linkId=YS6AAB65OWL74QGJ,['Jack D. Schwager'],"[' 512 pages ', ' English ', ' Wiley ', ' February 7, 2012 ', ' 6 x 1.3 x 8.9 inches ', ' 1118273052 ', ' 978-1118273050 ']","['This item: Market Wizards: Interviews with Top Traders', 'Trade Your Way to Financial Freedom']"
 Martin Zweig's Winning on Wall Street ,"[15.79, 8.99, 21.95]",0.8800000000000001,216,http://www.amazon.com/gp/product/0446672815/ref=as_li_qf_sp_asin_il_tl?ie=UTF8&amp;camp=1789&amp;creative=9325&amp;creativeASIN=0446672815&amp;linkCode=as2&amp;tag=stockmastrate-20&amp;linkId=TE5M243UBKFKHF5Q,['Martin Zweig'],"[' 304 pages ', ' English ', ' June 1, 1997 ', ' 5 x 0.77 x 8 inches ', ' 0446672815 ', ' 978-0446672818 ']","[""This item: Martin Zweig's Winning on Wall Street"", ""Stock Market Wizards: Interviews with America's Top Stock Traders"", 'The Nature of Risk: Stock Market Survival & the Meaning of Life (Contrary Opinion Library)']"
 Trading in a Nutshell: Planning for Consistently Profitable Trading ,[],0.9400000000000001,15,http://www.amazon.com/gp/product/0730378152/ref=as_li_qf_sp_asin_il_tl?tag=bst08-20&amp;ie=UTF8&amp;camp=1789&amp;creative=9325&amp;creativeASIN=0730378152&amp;linkCode=as2&amp;linkId=DXKOLOS7L4RJLSDD,[],[],[]
 Way of the Turtle: The Secret Methods that Turned Ordinary People into Legendary Traders ,[],0.8800000000000001,528,http://www.amazon.com/gp/product/007148664X/ref=as_li_qf_sp_asin_il_tl?tag=bst08-20&amp;ie=UTF8&amp;camp=1789&amp;creative=9325&amp;creativeASIN=007148664X&amp;linkCode=as2&amp;linkId=VNLAE4YTT5W2S4PL,['Curtis Faith'],"[' 288 pages ', ' 288 pages ', ' English ', ' McGraw-Hill ', ' March 9, 2007 ', ' 6.3 x 1.05 x 9.3 inches ', ' 007148664X ', ' 978-0071486644 ']",[]
 Long-Term Secrets to Short-Term Trading ,"[53.99, 25.0, 41.49]",0.9,112,http://www.amazon.com/gp/product/0470915730/ref=as_li_tl?tag=bst08-20&amp;ie=UTF8&amp;camp=1789&amp;creative=9325&amp;creativeASIN=0470915730&amp;linkCode=as2&amp;linkId=KZPRAV7B6SP26L34,['Larry R. Williams'],"[' 320 pages ', ' English ', ' Wiley ', ' December 6, 2011 ', ' 7.2 x 1.3 x 10 inches ', ' 9780470915738 ', ' 978-0470915738 ']","['This item: Long-Term Secrets to Short-Term Trading', 'The Secrets of Selecting Stocks for Immediate and Substantial Gains', 'How I Made One Million Dollars ... Last Year ... Trading Commodities']"
 Trading Systems That Work: Building and Evaluating Effective Trading Systems ,"[36.58, 64.87, 47.5]",0.74,36,http://www.amazon.com/gp/product/007135980X/ref=as_li_tl?tag=bst08-20&amp;ie=UTF8&amp;camp=1789&amp;creative=9325&amp;creativeASIN=007135980X&amp;linkCode=as2&amp;linkId=5SRXCIMZBWJR4FVW,['Thomas Stridsman'],[],"['This item: Trading Systems That Work: Building and Evaluating Effective Trading Systems', 'The Encyclopedia of Trading Strategies', 'Technical Analysis of the Financial Markets: A Comprehensive Guide to Trading Methods and Applications']"
 Trading Systems and Money Management (The Irwin Trader's Edge Series) ,[],0.6799999999999999,4,http://www.amazon.com/gp/product/0071400192/ref=as_li_tl?tag=bst08-20&amp;ie=UTF8&amp;camp=1789&amp;creative=9325&amp;creativeASIN=0071400192&amp;linkCode=as2&amp;linkId=72FF2MYGP3OJ4HTN,['Thomas Stridsman'],[],[]
 The Trading Game: Playing by the Numbers to Make Millions ,"[54.94, 71.28, 74.75]",0.64,47,http://www.amazon.com/gp/product/0471316989/ref=as_li_tl?tag=bst08-20&amp;ie=UTF8&amp;camp=1789&amp;creative=9325&amp;creativeASIN=0471316989&amp;linkCode=as2&amp;linkId=YFMN4KJZQL55HG5M,['Ryan Jones'],[],"['This item: The Trading Game: Playing by the Numbers to Make Millions', 'The Mathematics of Money Management: Risk Analysis Techniques for Traders', 'The Handbook of Portfolio Mathematics: Formulas for Optimal Allocation & Leverage']"
 Stocks on the Move: Beating the Market with Hedge Fund Momentum Strategies ,[],0.9199999999999999,227,http://www.amazon.com/gp/product/B00YPHZO3W/ref=as_li_tl?tag=bst08-20&amp;ie=UTF8&amp;camp=1789&amp;creative=9325&amp;creativeASIN=B00YPHZO3W&amp;linkCode=as2&amp;linkId=BSLZ42Y4MMKNPFES,['Andreas Clenow'],"[' 288 pages ', ' English ', ' June 15, 2015 ', ' 4013 KB ', ' Enabled ', ' Enabled ', ' Enabled ']",[]
 Following the Trend: Diversified Managed Futures Trading ,"[56.53, 14.99, 24.5]",0.9199999999999999,151,http://www.amazon.com/gp/product/1118410858/ref=as_li_tl?tag=bst08-20&amp;ie=UTF8&amp;camp=1789&amp;creative=9325&amp;creativeASIN=1118410858&amp;linkCode=as2&amp;linkId=LZNAZZW5HRYJI6LX,['Andreas Clenow'],[],"['This item: Following the Trend: Diversified Managed Futures Trading', 'Stocks on the Move: Beating the Market with Hedge Fund Momentum Strategies', 'Trading Evolved: Anyone can Build Killer Trading Strategies in Python']"
 The Buy Side: A Wall Street Trader's Tale of Spectacular Excess ,"[17.99, 18.95, 12.99]",0.8800000000000001,806,http://www.amazon.com/gp/product/0770437176/ref=as_li_tl?tag=bst08-20&amp;ie=UTF8&amp;camp=1789&amp;creative=9325&amp;creativeASIN=0770437176&amp;linkCode=as2&amp;linkId=LCCR7SQZALCXW5EP,['Turney Duff'],"[' 320 pages ', ' English ', ' Currency ', ' June 17, 2014 ', ' 5.16 x 0.7 x 8 inches ', ' 9780770437176 ', ' 978-0770437176 ']","[""This item: The Buy Side: A Wall Street Trader's Tale of Spectacular Excess"", 'Hedgehogging', 'Reminiscences of a Stock Operator']"
 Broken Markets: How High Frequency Trading and Predatory Practices on Wall Street Are Destroying Investor Confidence and Your Portfolio (paperback) ,"[37.49, 13.99, 11.89]",0.82,70,http://www.amazon.com/gp/product/0133993507/ref=as_li_qf_sp_asin_il_tl?tag=bst08-20&amp;ie=UTF8&amp;camp=1789&amp;creative=9325&amp;creativeASIN=0133993507&amp;linkCode=as2&amp;linkId=VEROY6YTVI7UZFSG,"['Sal Amuk', 'Sal L. Arnuk']",[],"['This item: Broken Markets: How High Frequency Trading and Predatory Practices on Wall Street Are Destroying Investor Confidence and Your Portfolio (paperback)', 'Dark Pools: The Rise of the Machine Traders and the Rigging of the U.S. Stock Market', 'Flash Boys: A Wall Street Revolt']"
 Algorithmic Trading: Winning Strategies and Their Rationale ,"[50.91, 32.99, 60.0]",0.86,105,http://www.amazon.com/gp/product/1118460146/ref=as_li_tl?tag=bst08-20&amp;ie=UTF8&amp;camp=1789&amp;creative=9325&amp;creativeASIN=1118460146&amp;linkCode=as2&amp;linkId=6M3ENVB5CQS27NHE,"['Ernie Chan', 'Ernest P. Chan']",[],"['This item: Algorithmic Trading: Winning Strategies and Their Rationale', 'Quantitative Trading: How to Build Your Own Algorithmic Trading Business (Wiley Trading)', 'Machine Trading: Deploying Computer Algorithms to Conquer the Markets (Wiley Trading)']"
 Quantitative Trading: How to Build Your Own Algorithmic Trading Business ,"[32.99, 44.94, 50.91, 60.0]",0.82,121,http://www.amazon.com/gp/product/0470284889/ref=as_li_tl?tag=bst08-20&amp;ie=UTF8&amp;camp=1789&amp;creative=9325&amp;creativeASIN=0470284889&amp;linkCode=as2&amp;linkId=Z7PP4R3PYTZEYFYG,['Ernest P. Chan'],[],"['This item: Quantitative Trading: How to Build Your Own Algorithmic Trading Business', 'Algorithmic Trading: Winning Strategies and Their Rationale', 'Machine Trading: Deploying Computer Algorithms to Conquer the Markets (Wiley Trading)']"
 Trading and Exchanges: Market Microstructure for Practitioners ,"[122.28, 50.91, 49.99]",0.8800000000000001,82,http://www.amazon.com/gp/product/0195144708/ref=as_li_tl?tag=bst08-20&amp;ie=UTF8&amp;camp=1789&amp;creative=9325&amp;creativeASIN=0195144708&amp;linkCode=as2&amp;linkId=SIGOFUZNWRJWTGEF,['Larry Harris'],[],"['This item: Trading and Exchanges: Market Microstructure for Practitioners', 'Algorithmic Trading: Winning Strategies and Their Rationale', 'Algorithmic Trading and DMA: An introduction to direct access trading strategies']"
 Algorithmic Trading and DMA: An introduction to direct access trading strategies ,"[49.99, 122.28, 50.91]",0.8800000000000001,78,http://www.amazon.com/gp/product/0956399207/ref=as_li_tl?tag=bst08-20&amp;ie=UTF8&amp;camp=1789&amp;creative=9325&amp;creativeASIN=0956399207&amp;linkCode=as2&amp;linkId=7QJ7W327WDVQRUPH,[],"[' 592 pages ', ' English ', ' February 17, 2010 ', ' 7.44 x 1.34 x 9.69 inches ', ' 0956399207 ', ' 978-0956399205 ']","['This item: Algorithmic Trading and DMA: An introduction to direct access trading strategies', 'Trading and Exchanges: Market Microstructure for Practitioners', 'Algorithmic Trading: Winning Strategies and Their Rationale']"
 The Leverage Space Trading Model: Reconciling Portfolio Management Strategies and Economic Theory (Wiley Trading Book 425) ,[],1.0,3,http://www.amazon.com/gp/product/B002AWX62U/ref=as_li_tl?tag=bst08-20&amp;ie=UTF8&amp;camp=1789&amp;creative=9325&amp;creativeASIN=B002AWX62U&amp;linkCode=as2&amp;linkId=R5T7GZWQ2MPFMYD7,['Ralph Vince'],[],[]
 The Handbook of Portfolio Mathematics: Formulas for Optimal Allocation & Leverage ,"[74.75, 71.28, 41.97]",0.78,15,http://www.amazon.com/gp/product/0471757683/ref=as_li_tl?tag=bst08-20&amp;ie=UTF8&amp;camp=1789&amp;creative=9325&amp;creativeASIN=0471757683&amp;linkCode=as2&amp;linkId=VWX2E5FQMVBHR6NP,['Ralph Vince'],[],"['This item: The Handbook of Portfolio Mathematics: Formulas for Optimal Allocation & Leverage', 'The Mathematics of Money Management: Risk Analysis Techniques for Traders', 'The Leverage Space Trading Model: Reconciling Portfolio Management Strategies and Economic Theory']"
 Sequential Analysis ,"[15.95, 54.95]",0.9199999999999999,16,http://www.amazon.com/gp/product/0486615790/ref=as_li_tl?tag=bst08-20&amp;ie=UTF8&amp;camp=1789&amp;creative=9325&amp;creativeASIN=0486615790&amp;linkCode=as2&amp;linkId=THZR476RI57FHTJV,['Abraham Wald'],[],"['This item: Sequential Analysis', 'Sequential Analysis (Chapman & Hall/CRC Monographs on Statistics and Applied Prob)']"
 Technical Analysis of Stock Trends ,[85.49],0.9,36,http://www.amazon.com/gp/product/0814408648/ref=as_li_qf_sp_asin_il_tl?tag=bst08-20&amp;ie=UTF8&amp;camp=1789&amp;creative=9325&amp;creativeASIN=0814408648&amp;linkCode=as2&amp;linkId=ZUOG5EMFE66SFO57,[],[],[]
 Trading Systems and Methods + Website (5th edition) Wiley Trading ,[78.99],0.8400000000000001,59,http://www.amazon.com/gp/product/1118043561/ref=as_li_tl?tag=bst08-20&amp;ie=UTF8&amp;camp=1789&amp;creative=9325&amp;creativeASIN=1118043561&amp;linkCode=as2&amp;linkId=Z5AXCFV2PYTDZHXU,['Perry J. Kaufman'],[],[]
 Inside the Black Box: A Simple Guide to Quantitative and High Frequency Trading ,"[36.99, 50.91, 32.99]",0.8400000000000001,77,http://www.amazon.com/gp/product/1118362411/ref=as_li_tl?tag=bst08-20&amp;ie=UTF8&amp;camp=1789&amp;creative=9325&amp;creativeASIN=1118362411&amp;linkCode=as2&amp;linkId=QJGKYWYJC54KYMMQ,['Rishi K. Narang'],[],"['This item: Inside the Black Box: A Simple Guide to Quantitative and High Frequency Trading', 'Algorithmic Trading: Winning Strategies and Their Rationale', 'Quantitative Trading: How to Build Your Own Algorithmic Trading Business (Wiley Trading)']"
 The Logic Of Failure: Recognizing And Avoiding Error In Complex Situations ,"[18.99, 11.29, 20.49]",0.8800000000000001,181,http://www.amazon.com/gp/product/0201479486/ref=as_li_tl?tag=bst08-20&amp;ie=UTF8&amp;camp=1789&amp;creative=9325&amp;creativeASIN=0201479486&amp;linkCode=as2&amp;linkId=BGQLUQULUAJ2VPG3,['Dietrich DÃ¶rner'],"[' 240 pages ', ' English ', ' Basic Books ', ' August 4, 1997 ', ' 9.42 x 6.04 x 0.61 inches ', ' 0201479486 ', ' 978-0201479485 ']","['This item: The Logic Of Failure: Recognizing And Avoiding Error In Complex Situations', 'Thinking, Fast and Slow', 'Sources of Power: 20th Anniversary Edition']"
 Cycle Analytics for Traders: Advanced Technical Trading Concepts ,"[93.85, 93.7, 86.18]",0.82,25,http://www.amazon.com/gp/product/1118728513/ref=as_li_qf_sp_asin_il_tl?tag=bst08-20&amp;ie=UTF8&amp;camp=1789&amp;creative=9325&amp;creativeASIN=1118728513&amp;linkCode=as2&amp;linkId=C4FQ45BYH4PFJNZU,['John F. Ehlers'],[],"['This item: Cycle Analytics for Traders: Advanced Technical Trading Concepts', 'Cybernetic Analysis for Stocks and Futures: Cutting-Edge DSP Technology to Improve Your Trading', 'Rocket Science for Traders: Digital Signal Processing Applications']"
 The Quantifiable Edges Guide To Fed Days ,[],0.9199999999999999,3,http://www.amazon.com/gp/product/1453613587/ref=as_li_tl?tag=bst08-20&amp;ie=UTF8&amp;camp=1789&amp;creative=9325&amp;creativeASIN=1453613587&amp;linkCode=as2&amp;linkId=OMHNHBJODV2CW44G,['Robert B. Hanna'],"[' 68 pages ', ' English ', ' June 10, 2010 ', ' 8 x 0.16 x 10 inches ', ' 1453613587 ', ' 978-1453613580 ']",[]
 Enhancing Trader Performance ,"[59.58, 30.49, 51.35]",0.8800000000000001,80,http://www.amazon.com/gp/product/0470038667/ref=as_li_tl?tag=bst08-20&amp;ie=UTF8&amp;camp=1789&amp;creative=9325&amp;creativeASIN=0470038667&amp;linkCode=as2&amp;linkId=SNCLAA6SBA335IWX,['Brett N. Steenbarger'],[],"['This item: Enhancing Trader Performance', 'Trading Psychology 2.0: From Best Practices to Best Processes (Wiley Trading)', 'The Psychology of Trading: Tools and Techniques for Minding the Markets']"
 The Psychology of Trading: Tools and Techniques for Minding the Markets ,"[51.35, 30.49, 28.11]",0.9199999999999999,209,http://www.amazon.com/gp/product/0471267619/ref=as_li_tl?tag=bst08-20&amp;ie=UTF8&amp;camp=1789&amp;creative=9325&amp;creativeASIN=0471267619&amp;linkCode=as2&amp;linkId=DO7EQTVDR2O42ILX,['Brett N. Steenbarger'],[],"['This item: The Psychology of Trading: Tools and Techniques for Minding the Markets', 'Trading Psychology 2.0: From Best Practices to Best Processes (Wiley Trading)', 'The Daily Trading Coach: 101 Lessons for Becoming Your Own Trading Psychologist']"
 The Daily Trading Coach: 101 Lessons for Becoming Your Own Trading Psychologist ,"[28.11, 23.39, 30.49]",0.9199999999999999,404,http://www.amazon.com/gp/product/0470398566/ref=as_li_tl?tag=bst08-20&amp;ie=UTF8&amp;camp=1789&amp;creative=9325&amp;creativeASIN=0470398566&amp;linkCode=as2&amp;linkId=G5OB63RRCHCVMJAM,['Brett N. Steenbarger'],[],"['This item: The Daily Trading Coach: 101 Lessons for Becoming Your Own Trading Psychologist', 'Trading in the Zone: Master the Market with Confidence, Discipline and a Winning Attitude', 'Trading Psychology 2.0: From Best Practices to Best Processes (Wiley Trading)']"
 Mean Reversion Trading System: Practical Methods for Swing Trading ,"[32.95, 29.95, 19.95]",0.74,37,http://www.amazon.com/gp/product/0979183847/ref=as_li_qf_sp_asin_il_tl?ie=UTF8&amp;camp=1789&amp;creative=9325&amp;creativeASIN=0979183847&amp;linkCode=as2&amp;tag=bst08-20&amp;linkId=TICFVZQT3G4S3Y7T,['Howard B. Bandy'],"[' 240 pages ', ' English ', ' January 15, 2013 ', ' 7 x 0.55 x 10 inches ', ' 0979183847 ', ' 978-0979183843 ']","['This item: Mean Reversion Trading System: Practical Methods for Swing Trading', 'Modeling Trading System Performance: Monte Carlo Simulation, Position Sizing, Risk Management, and Statistics', 'Quantitative Trading Systems: Practical Methods for Design, Testing, and Validation']"
" Quantitative Trading Systems: Practical Methods for Design, Testing, and Validation ","[19.95, 32.95, 29.95]",0.8,21,http://www.amazon.com/gp/product/0979183839/ref=as_li_tl?tag=bst08-20&amp;ie=UTF8&amp;camp=1789&amp;creative=9325&amp;creativeASIN=0979183839&amp;linkCode=as2&amp;linkId=W3AEGGQDWL7RWUIU,['Howard B. Bandy'],"[' 376 pages ', ' English ', ' June 1, 2011 ', ' 7 x 0.85 x 10 inches ', ' 0979183839 ', ' 978-0979183836 ']","['This item: Quantitative Trading Systems: Practical Methods for Design, Testing, and Validation', 'Mean Reversion Trading System: Practical Methods for Swing Trading', 'Modeling Trading System Performance: Monte Carlo Simulation, Position Sizing, Risk Management, and Statistics']"
 Quantitative Technical Analysis: An integrated approach to trading system development and trading management ,"[74.95, 32.95, 19.95]",0.76,40,http://www.amazon.com/gp/product/0979183855/ref=as_li_tl?tag=bst08-20&amp;ie=UTF8&amp;camp=1789&amp;creative=9325&amp;creativeASIN=0979183855&amp;linkCode=as2&amp;linkId=JZWXIIQZUDCMYD4U,['Howard B. Bandy'],[],"['This item: Quantitative Technical Analysis: An integrated approach to trading system development and trading management', 'Mean Reversion Trading System: Practical Methods for Swing Trading', 'Quantitative Trading Systems: Practical Methods for Design, Testing, and Validation']"
" Modeling Trading System Performance: Monte Carlo Simulation, Position Sizing, Risk Management, and Statistics ","[29.95, 32.95, 19.95]",0.76,17,http://www.amazon.com/gp/product/0979183820/ref=as_li_tl?tag=bst08-20&amp;ie=UTF8&amp;camp=1789&amp;creative=9325&amp;creativeASIN=0979183820&amp;linkCode=as2&amp;linkId=YCAMTU2WF3HLZOHR,['Howard B. Bandy'],"[' 400 pages ', ' English ', ' May 11, 2011 ', ' 7 x 0.91 x 10 inches ', ' 0979183820 ', ' 978-0979183829 ']","['This item: Modeling Trading System Performance: Monte Carlo Simulation, Position Sizing, Risk Management, and Statistics', 'Mean Reversion Trading System: Practical Methods for Swing Trading', 'Quantitative Trading Systems: Practical Methods for Design, Testing, and Validation']"
" Building Winning Algorithmic Trading Systems, + Website: A Trader's Journey From Data Mining to Monte Carlo Simulation to Live Trading (Wiley Trading) ","[36.56, 6.99, 6.99]",0.8400000000000001,196,http://www.amazon.com/gp/product/1118778987/ref=as_li_qf_sp_asin_il_tl?tag=bst08-20&amp;ie=UTF8&amp;camp=1789&amp;creative=9325&amp;creativeASIN=1118778987&amp;linkCode=as2&amp;linkId=7ZEQZGMQFWLBSAQT,['Kevin J Davey'],[],"[""This item: Building Winning Algorithmic Trading Systems, + Website: A Trader's Journey From Data Mining to Monte Carlo Simulation to Live Trading (Wiley Trading)"", 'Entry and Exit Confessions of a Champion Trader: 52 Ways A Professional Speculator Gets In And Out Of The Stock, Futures And Forex Markets (Essential Algo Trading Package)', 'Introduction To Algo Trading: How Retail Traders Can Successfully Compete With Professional Traders (Essential Algo Trading Package)']"
 Market Wizards: Interviews with Top Traders ,"[18.59, 24.35]",0.9400000000000001,1838,http://www.amazon.com/gp/product/1118273052/ref=as_li_tl?tag=bst08-20&amp;ie=UTF8&amp;camp=1789&amp;creative=9325&amp;creativeASIN=1118273052&amp;linkCode=as2&amp;linkId=YS6AAB65OWL74QGJ,['Jack D. Schwager'],"[' 512 pages ', ' English ', ' Wiley ', ' February 7, 2012 ', ' 6 x 1.3 x 8.9 inches ', ' 1118273052 ', ' 978-1118273050 ']","['This item: Market Wizards: Interviews with Top Traders', 'Trade Your Way to Financial Freedom']"
 Dual Momentum Investing: An Innovative Strategy for Higher Returns with Lower Risk ,"[47.78, 34.95, 6.99]",0.9199999999999999,510,http://www.amazon.com/gp/product/0071849440/ref=as_li_tl?tag=bst08-20&amp;ie=UTF8&amp;camp=1789&amp;creative=9325&amp;creativeASIN=0071849440&amp;linkCode=as2&amp;linkId=236AXNLHCE6GJULB,['Gary Antonacci'],[],"['This item: Dual Momentum Investing: An Innovative Strategy for Higher Returns with Lower Risk', ""Quantitative Momentum: A Practitioner's Guide to Building a Momentum-Based Stock Selection System (Wiley Finance)"", 'Learn to Trade Momentum Stocks']"
 Stocks for the Long Run 5/E: The Definitive Guide to Financial Market Returns & Long-Term Investment Strategies ,"[44.57, 32.8, 12.59, 14.29]",0.9400000000000001,446,http://www.amazon.com/gp/product/0071800514/ref=as_li_tl?tag=bst08-20&amp;ie=UTF8&amp;camp=1789&amp;creative=9325&amp;creativeASIN=0071800514&amp;linkCode=as2&amp;linkId=UIR76B2OO55URU7W,['Jeremy J. Siegel'],[],"['This item: Stocks for the Long Run 5/E: The Definitive Guide to Financial Market Returns & Long-Term Investment Strategies', 'A Random Walk Down Wall Street: The Time-Tested Strategy for Successful Investing', 'The Intelligent Investor Rev Ed.: The Definitive Book on Value Investing']"
 The Complete TurtleTrader: How 23 Novice Investors Became Overnight Millionaires ,"[13.39, 25.88, 18.59]",0.8800000000000001,1086,http://www.amazon.com/gp/product/0061241717/ref=as_li_tl?tag=bst08-20&amp;ie=UTF8&amp;camp=1789&amp;creative=9325&amp;creativeASIN=0061241717&amp;linkCode=as2&amp;linkId=C5A5UMD5FLHDSIZ2,['Michael Covel'],"[' 288 pages ', ' English ', ' February 24, 2009 ', ' 5.31 x 0.65 x 8 inches ', ' 0061241717 ', ' 978-0061241710 ']","['This item: The Complete TurtleTrader: How 23 Novice Investors Became Overnight Millionaires', 'Trend Following, 5th Edition: How to Make a Fortune in Bull, Bear and Black Swan Markets (Wiley Trading)', 'Market Wizards: Interviews with Top Traders']"
 Profiting from Dividend Momentum ,[],0.82,20,http://www.amazon.com/gp/product/B00D2KU3AW/ref=as_li_tl?tag=bst08-20&amp;ie=UTF8&amp;camp=1789&amp;creative=9325&amp;creativeASIN=B00D2KU3AW&amp;linkCode=as2&amp;linkId=F3YDWYVRRDIQMLWJ,['Nick Radge'],"[' 34 pages ', ' English ', ' May 28, 2013 ', ' 2864 KB ', ' Enabled ', ' Enabled ', ' Enabled ']",[]
 Weekend Trend Trader ,[],0.8400000000000001,89,http://www.amazon.com/gp/product/B00F4P0OWA/ref=as_li_tl?tag=bst08-20&amp;ie=UTF8&amp;camp=1789&amp;creative=9325&amp;creativeASIN=B00F4P0OWA&amp;linkCode=as2&amp;linkId=YRONO47GL27EZJO7,['Nick Radge'],"[' 46 pages ', ' English ', ' November 14, 2013 ', ' 1957 KB ', ' Enabled ', ' Enabled ', ' Enabled ']",[]
 Unholy Grails - A New Road to Wealth ,[],0.8800000000000001,83,http://www.amazon.com/gp/product/B007T97DJQ/ref=as_li_tl?tag=bst08-20&amp;ie=UTF8&amp;camp=1789&amp;creative=9325&amp;creativeASIN=B007T97DJQ&amp;linkCode=as2&amp;linkId=OXFABMJ37DIGVQQT,['Nick Radge'],"[' 223 pages ', ' English ', ' April 5, 2012 ', ' 11719 KB ', ' Enabled ', ' Enabled ', ' Enabled ']",[]
 High Probability ETF Trading: Professional Strategies to Improve Your ETF Trading (Softcover) ,[],0.7,10,http://www.amazon.com/gp/product/1616586397/ref=as_li_tl?tag=bst08-20&amp;ie=UTF8&amp;camp=1789&amp;creative=9325&amp;creativeASIN=1616586397&amp;linkCode=as2&amp;linkId=IVDNEM7JVSTBF73R,[],"[' 122 pages ', ' English ', ' TradingMarkets ', ' December 29, 2009 ', ' 1616586397 ', ' 978-1616586393 ']",[]
 Short Term Trading Strategies That Work ,[],0.82,194,http://www.amazon.com/gp/product/0981923909/ref=as_li_tl?tag=bst08-20&amp;ie=UTF8&amp;camp=1789&amp;creative=9325&amp;creativeASIN=0981923909&amp;linkCode=as2&amp;linkId=OW7VUZQN6B6QCSFE,['Cesar Alvarez'],"[' 140 pages ', ' English ', ' TradingMarkets ', ' November 1, 2008 ', ' 0981923909 ', ' 978-0981923901 ']",[]
 Bollinger BandsÂ® Trading Strategies That Work (Connors Research Trading Strategy Series) ,[],0.8400000000000001,8,http://www.amazon.com/gp/product/B00FQM36CQ/ref=as_li_tl?tag=bst08-20&amp;ie=UTF8&amp;camp=1789&amp;creative=9325&amp;creativeASIN=B00FQM36CQ&amp;linkCode=as2&amp;linkId=FCJAR2TNTA2CMD5M,[],"[' 46 pages ', ' English ', ' October 8, 2013 ', ' 532 KB ', ' Enabled ', ' Enabled ', ' Enabled ']",[]
 ETF Gap Trading Strategies That Work (Connors Research Trading Strategy Series) ,[],1.0,2,http://www.amazon.com/gp/product/B00FPVORNK/ref=as_li_tl?tag=bst08-20&amp;ie=UTF8&amp;camp=1789&amp;creative=9325&amp;creativeASIN=B00FPVORNK&amp;linkCode=as2&amp;linkId=32PYWICIKOG65SKT,[],"[' 64 pages ', ' English ', ' October 7, 2013 ', ' 940 KB ', ' Enabled ', ' Enabled ', ' Enabled ']",[]
 The Universal Principles of Successful Trading: Essential Knowledge for All Traders in All Markets ,"[38.07, 47.0]",0.8400000000000001,88,http://www.amazon.com/gp/product/0470825804/ref=as_li_tl?tag=bst08-20&amp;ie=UTF8&amp;camp=1789&amp;creative=9325&amp;creativeASIN=0470825804&amp;linkCode=as2&amp;linkId=62FGV7BVWXI4HF2C,['Brent Penfold'],[],"['This item: The Universal Principles of Successful Trading: Essential Knowledge for All Traders in All Markets', 'The Universal Tactics of Successful Trend Trading: Finding Opportunity in Uncertainty (Wiley Trading)']"
 Reminiscences of a Stock Operator ,"[12.99, 23.39, 12.49]",0.9199999999999999,2688,http://www.amazon.com/gp/product/0471770884/ref=as_li_tl?tag=bst08-20&amp;ie=UTF8&amp;camp=1789&amp;creative=9325&amp;creativeASIN=0471770884&amp;linkCode=as2&amp;linkId=5ZQCB4APFQTT4NVC,['Edwin Lefevre'],"[' 288 pages ', ' English ', ' Wiley ', ' January 17, 2006 ', ' 5.3 x 0.9 x 8.3 inches ', ' 0471770884 ', ' 978-0471770886 ']","['This item: Reminiscences of a Stock Operator', 'Trading in the Zone: Master the Market with Confidence, Discipline and a Winning Attitude', ""Thinking in Bets: Making Smarter Decisions When You Don't Have All the Facts""]"
" Predictably Irrational, Revised and Expanded Edition: The Hidden Forces That Shape Our Decisions ","[11.94, 11.29, 13.86]",0.9199999999999999,4969,http://www.amazon.com/gp/product/0061353248/ref=as_li_tl?tag=bst08-20&amp;ie=UTF8&amp;camp=1789&amp;creative=9325&amp;creativeASIN=0061353248&amp;linkCode=as2&amp;linkId=P4KPXANJBJUIECW6,['Dan Ariely'],"[' 384 pages ', ' English ', ' April 27, 2010 ', ' 5.31 x 0.86 x 8 inches ', ' 9780061353246 ', ' 978-0061353246 ']","['This item: Predictably Irrational, Revised and Expanded Edition: The Hidden Forces That Shape Our Decisions', 'Thinking, Fast and Slow', 'Nudge: The Final Edition']"
" How Markets Really Work: Quantitative Guide to Stock Market Behavior, 2nd Edition ","[26.33, 49.95, 44.28]",0.7,59,http://www.amazon.com/gp/product/1118166507/ref=as_li_tl?tag=bst08-20&amp;ie=UTF8&amp;camp=1789&amp;creative=9325&amp;creativeASIN=1118166507&amp;linkCode=as2&amp;linkId=2MJCUCP5WEUXQWPR,['Laurence A. Connors'],"[' 192 pages ', ' English ', ' Wiley ', ' February 17, 2012 ', ' 7 x 0.63 x 10 inches ', ' 9781118166505 ', ' 978-1118166505 ']","['This item: How Markets Really Work: Quantitative Guide to Stock Market Behavior, 2nd Edition', 'The Alpha Formula - High Powered Strategies to Beat The Market With Less Risk', 'Buy the Fear, Sell the Greed: 7 Behavioral Quant Strategies for Traders']"
 The Investor's Quotient: The Psychology of Successful Investing in Commodities & Stocks (Wiley Finance) ,[],0.86,44,http://www.amazon.com/gp/product/B001KYES08/ref=as_li_tl?tag=bst08-20&amp;ie=UTF8&amp;camp=1789&amp;creative=9325&amp;creativeASIN=B001KYES08&amp;linkCode=as2&amp;linkId=LYKGZ25P333UPCMH,['Jake Bernstein'],[],[]
 Reminiscences of a Stock Operator ,"[12.99, 23.39, 12.49]",0.9199999999999999,2688,http://www.amazon.com/gp/product/0471770884/ref=as_li_tl?tag=bst08-20&amp;ie=UTF8&amp;camp=1789&amp;creative=9325&amp;creativeASIN=0471770884&amp;linkCode=as2&amp;linkId=5ZQCB4APFQTT4NVC,['Edwin Lefevre'],"[' 288 pages ', ' English ', ' Wiley ', ' January 17, 2006 ', ' 5.3 x 0.9 x 8.3 inches ', ' 0471770884 ', ' 978-0471770886 ']","['This item: Reminiscences of a Stock Operator', 'Trading in the Zone: Master the Market with Confidence, Discipline and a Winning Attitude', ""Thinking in Bets: Making Smarter Decisions When You Don't Have All the Facts""]"
 Don't Sell Stocks on Monday ,[],0.86,11,http://www.amazon.com/gp/product/0140103759/ref=as_li_tl?tag=bst08-20&amp;ie=UTF8&amp;camp=1789&amp;creative=9325&amp;creativeASIN=0140103759&amp;linkCode=as2&amp;linkId=2UCHDNCZIH3MHQPC,['Yale Hirsch'],"[' 232 pages ', ' English ', ' Penguin Books ', ' December 3, 1987 ', ' 1 x 1 x 1 inches ', ' 0140103759 ', ' 978-0140103755 ']",[]
 Behavior of Prices on Wall Street ,[],0.58,4,http://www.amazon.com/gp/product/0911894497/ref=as_li_tl?tag=bst08-20&amp;ie=UTF8&amp;camp=1789&amp;creative=9325&amp;creativeASIN=0911894497&amp;linkCode=as2&amp;linkId=EQGEHTBTYRR5HDV5,['Arthur A. Merrill'],"[' 147 pages ', ' English ', ' Analysis Pr ', ' December 1, 1984 ', ' 6.5 x 0.75 x 9.5 inches ', ' 0911894497 ', ' 978-0911894493 ']",[]
